epoch,training_loss
1,0.2229765492373718
2,0.07450103759765625
3,0.03054128464996947
4,0.02169918643926041
5,0.01795439286665483
6,0.016007400140529725
7,0.014205962221268275
8,0.01348034717026941
9,0.012740284270563569
10,0.012204117362620824
