epoch,training_loss
1,0.22530508781483854
2,0.06694532339430173
3,0.025258083301214315
4,0.018878477904326108
5,0.016214031337898744
6,0.014293516290161403
7,0.013221741779944849
8,0.01225381838508826
9,0.011653628423314402
10,0.011402229512081443
